{"lHllezgVKzBLz9ubxt4e2A==":"stars-background.jpg","bD7ccmcC+DVwFZyxNteZWA==":"x-logo-black.png","aLPQKFF1emuQN+O5vT1RKw==":"astroboy2.png","g780J0SYl6Sw7GXrONoaTQ==":"laptop.png","9aRhew5l2BVMlTnRaejNgw==":"logobluepng-240x63.png","zSgQW7ZsqCi0D3u4CEQ0pg==":"vsit%20logo%20new-240x53.png","tnDMyTL0sAcqccdiJloy+w==":"vsit%20logo%20new-240x53.png","RJ2eGwwqGkRKvkhkjcbCaQ==":"logobluepng-1-240x63.png","RdJSkjGkm2zZWh4B2RBlhA==":"laptop-740x705.png","cDdm+VuqfI4zKaKT6obEeg==":"astroboycodes-1651x2064.png","7oK1QLrfSM1FivP0qkXa4w==":"tcet-696x355.png","Lku17KYsnY2bX7K6sOHDOg==":"apsit-696x355.png","yh0ftORWOHDjSDdfvkJEpA==":"bitsgoa-696x355.png","OmVRKj4hJ2Nqao1hW3dK/w==":"spit-696x355.png","0+m0EYvRpzG5spFGWvfPgA==":"vsit-696x355.png","tYAyo6vEfM+8RsLL0gpx7w==":"xtreme-696x355.png","n2yrha+yXwW7f7OQMoJBKw==":"bsssac-696x355.png","Q9x2Duzb1df3EtaxBOkStg==":"bsssac-1-696x355.png","Fdbsux5+7QNptdMOi8iUpw==":"stars-background.jpeg","asLrOJnVa1zvsDL9/RXHQg==":"stars-background-1.jpeg","ufZxHDCdlzcRYKSeHoWE2A==":"stars-background-2.jpeg","vgs9cxxD7ftSI7BtGxIuRA==":"stars-background-3.jpeg","PIlEjC8lgIAY7bsfTatajg==":"stars-background-4.jpeg","t+B+/c2qYPB0RsElOYeHkg==":"stars-background-5.jpeg"}